City_ID,City,Country,Date,Lat,Lng,Max Temp,Humidity,Cloudiness,Wind Speed
0,Gallup,US,2022-02-05 16:31:22,35.5281,-108.7426,18.36,73,0,0.0
1,Georgetown,MY,2022-02-05 16:23:16,5.4112,100.3354,80.89,81,40,0.0
2,Mount Isa,AU,2022-02-05 16:31:22,-20.7333,139.5,71.37,53,40,1.14
3,Cape Town,ZA,2022-02-05 16:27:20,-33.9258,18.4232,89.11,41,0,4.0
4,Pevek,RU,2022-02-05 16:28:02,69.7008,170.3133,-28.19,99,20,3.27
5,Necochea,AR,2022-02-05 16:31:23,-38.5473,-58.7368,62.04,75,100,24.0
6,Ribeira Grande,PT,2022-02-05 16:31:23,38.5167,-28.7,63.0,72,75,12.66
7,Cabo San Lucas,MX,2022-02-05 16:30:10,22.8909,-109.9124,68.5,65,0,3.44
8,Vaini,TO,2022-02-05 16:29:07,-21.2,-175.2,75.36,100,100,6.91
9,Mataura,NZ,2022-02-05 16:27:56,-46.1927,168.8643,40.46,98,15,1.23
10,Ushuaia,AR,2022-02-05 16:25:46,-54.8,-68.3,60.46,41,40,8.05
11,Moose Factory,CA,2022-02-05 16:31:24,51.2585,-80.6094,-4.0,59,0,10.36
12,Kutum,SD,2022-02-05 16:30:31,14.2,24.6667,62.33,16,11,12.03
13,Kapaa,US,2022-02-05 16:27:57,22.0752,-159.319,66.18,78,20,4.61
14,Erzin,TR,2022-02-05 16:31:25,36.9559,36.2,50.72,70,1,2.71
15,Alofi,NU,2022-02-05 16:29:12,-19.0595,-169.9187,75.09,94,100,4.61
16,La Paz,BO,2022-02-05 16:31:26,-16.5,-68.15,60.78,38,75,4.61
17,Durango,MX,2022-02-05 16:28:59,24.8333,-104.8333,40.33,51,0,5.03
18,Nikolskoye,RU,2022-02-05 16:29:10,59.7035,30.7861,24.87,92,100,11.86
19,Hermanus,ZA,2022-02-05 16:29:05,-34.4187,19.2345,88.9,56,53,22.06
20,Hobart,AU,2022-02-05 16:25:23,-42.8794,147.3294,60.03,76,100,4.61
21,Corinto,GR,2022-02-05 16:30:35,37.9407,22.9573,55.83,68,10,3.11
22,Kuytun,RU,2022-02-05 16:31:27,54.3419,101.5036,17.91,94,100,6.93
23,Guerrero Negro,MX,2022-02-05 16:30:40,27.9769,-114.0611,61.59,30,0,3.71
24,Bredasdorp,ZA,2022-02-05 16:27:43,-34.5322,20.0403,76.28,64,28,25.32
25,Gobabis,NA,2022-02-05 16:31:28,-22.45,18.9667,74.5,54,71,13.78
26,Albany,US,2022-02-05 16:23:56,42.6001,-73.9662,19.45,71,32,8.01
27,Nanortalik,GL,2022-02-05 16:29:19,60.1432,-45.2371,14.34,59,13,27.51
28,Busselton,AU,2022-02-05 16:27:53,-33.65,115.3333,69.04,73,0,3.18
29,Punta Arenas,CL,2022-02-05 16:28:00,-53.15,-70.9167,66.31,52,75,35.68
30,Mehamn,NO,2022-02-05 16:31:29,71.0357,27.8492,21.42,87,66,18.48
31,Arman,RU,2022-02-05 16:31:29,59.7,150.1667,-1.89,72,54,11.95
32,Selma,US,2022-02-05 16:31:30,36.5708,-119.6121,49.01,48,92,2.04
33,Mar Del Plata,AR,2022-02-05 16:27:53,-38.0023,-57.5575,67.08,90,100,32.99
34,Katobu,ID,2022-02-05 16:31:30,-4.9408,122.5276,75.72,91,94,1.12
35,Zhanakorgan,KZ,2022-02-05 16:31:30,43.9098,67.2495,33.26,62,100,9.06
36,Pundaguitan,PH,2022-02-05 16:31:31,6.3711,126.1689,80.53,77,37,20.27
37,Nkoteng,CM,2022-02-05 16:31:31,4.5167,12.0333,84.15,20,100,2.26
38,Kaitangata,NZ,2022-02-05 16:27:56,-46.2817,169.8464,45.18,91,39,4.9
39,Yellowknife,CA,2022-02-05 16:26:36,62.456,-114.3525,-13.59,83,75,8.05
40,Ponta Do Sol,PT,2022-02-05 16:29:10,32.6667,-17.1,74.12,51,3,11.1
41,Bathsheba,BB,2022-02-05 16:30:36,13.2167,-59.5167,83.01,57,20,18.41
42,San Carlos De Bariloche,AR,2022-02-05 16:30:11,-41.1456,-71.3082,70.25,30,20,3.44
43,Chaman,PK,2022-02-05 16:31:33,30.9236,66.4512,54.54,27,33,5.77
44,Tura,IN,2022-02-05 16:31:33,25.5198,90.2201,51.33,90,37,1.57
45,Northam,GB,2022-02-05 16:31:33,51.0333,-4.2167,51.42,87,100,27.47
46,Jamestown,US,2022-02-05 16:27:41,42.097,-79.2353,17.24,53,75,5.99
47,Aklavik,CA,2022-02-05 16:31:47,68.2191,-135.0107,-31.97,66,20,4.61
48,Kodiak,US,2022-02-05 16:27:55,57.79,-152.4072,35.11,80,0,3.44
49,New Norfolk,AU,2022-02-05 16:29:15,-42.7826,147.0587,59.67,62,100,1.07
50,Bluff,NZ,2022-02-05 16:32:35,-46.6,168.3333,50.11,81,36,8.3
51,Hami,CN,2022-02-05 16:32:35,42.8,93.45,27.43,26,95,15.55
52,Port Elizabeth,ZA,2022-02-05 16:29:09,-33.918,25.5701,71.1,83,75,13.8
53,Hilo,US,2022-02-05 16:28:00,19.7297,-155.09,69.62,89,100,5.75
54,Mahebourg,MU,2022-02-05 16:29:16,-20.4081,57.7,80.89,83,40,16.11
55,Asyut,EG,2022-02-05 16:32:36,27.181,31.1837,57.38,45,0,8.72
56,Deep River,CA,2022-02-05 16:32:36,46.1001,-77.4995,5.43,69,11,7.83
57,The Valley,AI,2022-02-05 16:29:47,18.217,-63.0578,82.26,69,75,17.27
58,Vestmannaeyjar,IS,2022-02-05 16:32:18,63.4427,-20.2734,31.19,51,20,9.22
59,San Cristobal,VE,2022-02-05 16:32:37,7.7669,-72.225,68.18,47,69,0.89
60,Yulara,AU,2022-02-05 16:32:38,-25.2406,130.9889,67.84,49,0,4.61
61,Buchanan,LR,2022-02-05 16:32:38,5.8808,-10.0467,89.56,68,39,11.36
62,Praia Da Vitoria,PT,2022-02-05 16:32:39,38.7333,-27.0667,59.76,94,75,18.23
63,Dikson,RU,2022-02-05 16:29:10,73.5069,80.5464,-18.62,100,96,3.74
64,Coromandel,BR,2022-02-05 16:32:39,-18.4733,-47.2003,79.36,68,97,4.25
65,Hasaki,JP,2022-02-05 16:29:08,35.7333,140.8333,25.2,35,79,9.42
66,Roma,US,2022-02-05 16:28:03,43.2128,-75.4557,18.12,77,75,13.8
67,Semey,KZ,2022-02-05 16:32:40,50.4111,80.2275,0.23,86,3,8.1
68,Becerril,CO,2022-02-05 16:32:40,9.7041,-73.2793,96.33,30,24,5.1
69,Mangan,IN,2022-02-05 16:32:41,27.5167,88.5333,39.65,79,51,9.26
70,Arraial Do Cabo,BR,2022-02-05 16:27:54,-22.9661,-42.0278,89.56,66,0,19.57
71,Cap Malheureux,MU,2022-02-05 16:32:41,-19.9842,57.6142,81.09,79,100,8.99
72,Ilulissat,GL,2022-02-05 16:32:42,69.2167,-51.1,6.82,51,75,14.97
73,Luderitz,NA,2022-02-05 16:29:06,-26.6481,15.1594,72.0,65,8,5.12
74,Usinsk,RU,2022-02-05 16:32:43,65.9939,57.5281,-14.76,100,62,3.71
75,Butaritari,KI,2022-02-05 16:28:03,3.0707,172.7902,82.49,69,15,19.51
76,Qaanaaq,GL,2022-02-05 16:29:17,77.484,-69.3632,0.14,69,86,6.53
77,Sitka,US,2022-02-05 16:30:29,57.0531,-135.33,42.69,81,100,9.22
78,Rikitea,PF,2022-02-05 16:29:08,-23.1203,-134.9692,78.58,73,41,13.0
79,Atuona,PF,2022-02-05 16:27:52,-9.8,-139.0333,78.39,77,12,21.21
80,Beringovskiy,RU,2022-02-05 16:32:44,63.05,179.3167,-8.28,92,79,14.7
81,Turka,UA,2022-02-05 16:32:44,49.1541,23.0297,31.8,90,97,6.58
82,Kirkuk,IQ,2022-02-05 16:32:45,35.4681,44.3922,45.82,81,37,8.9
83,Riyadh,SA,2022-02-05 16:30:22,24.6877,46.7219,60.94,26,0,12.19
84,Puerto Ayora,EC,2022-02-05 16:27:57,-0.7393,-90.3518,84.16,88,53,4.0
85,Saskylakh,RU,2022-02-05 16:30:33,71.9167,114.0833,-29.67,100,85,4.41
86,Anadyr,RU,2022-02-05 16:32:46,64.75,177.4833,-22.45,96,4,3.44
87,Boralday,KZ,2022-02-05 16:32:46,43.3578,76.8594,24.66,86,20,4.47
88,Tuktoyaktuk,CA,2022-02-05 16:29:19,69.4541,-133.0374,-31.0,68,0,9.22
89,Burgeo,CA,2022-02-05 16:31:39,47.6167,-57.6152,27.37,94,100,11.07
90,Beira,MZ,2022-02-05 16:32:47,-19.8436,34.8389,84.29,65,40,14.97
91,Tiksi,RU,2022-02-05 16:33:47,71.6872,128.8694,-22.02,98,100,7.56
92,Aborlan,PH,2022-02-05 16:33:48,9.4352,118.5492,77.36,88,83,13.27
93,Colac,AU,2022-02-05 16:33:48,-38.3333,143.5833,61.16,81,100,10.04
94,Iracoubo,GF,2022-02-05 16:33:49,5.4802,-53.2011,79.92,80,99,10.18
95,Ancud,CL,2022-02-05 16:33:12,-41.8697,-73.8203,71.22,58,3,6.93
96,Avarua,CK,2022-02-05 16:28:01,-21.2078,-159.775,77.05,88,40,5.75
97,Boa Vista,BR,2022-02-05 16:25:30,2.8197,-60.6733,89.58,45,75,13.8
98,Jalu,LY,2022-02-05 16:33:49,29.0331,21.5482,59.14,44,0,2.98
99,Barrow,US,2022-02-05 16:25:02,71.2906,-156.7887,-11.18,70,100,14.97
100,Port Blair,IN,2022-02-05 16:33:50,11.6667,92.75,80.64,83,40,5.75
101,Carnarvon,AU,2022-02-05 16:27:51,-24.8667,113.6333,82.47,78,22,9.22
102,Quatre Cocos,MU,2022-02-05 16:33:50,-20.2078,57.7625,80.71,85,100,17.72
103,Farah,AF,2022-02-05 16:33:51,32.5,62.5,53.62,31,100,1.68
104,Ostrovnoy,RU,2022-02-05 16:30:24,68.0531,39.5131,16.07,82,100,32.5
105,Kalabo,ZM,2022-02-05 16:33:51,-14.97,22.6814,70.27,86,90,5.61
106,Teknaf,BD,2022-02-05 16:33:52,20.8624,92.3058,67.78,87,69,5.66
107,Ossora,RU,2022-02-05 16:33:52,59.2353,163.0719,13.53,89,100,15.26
108,Khandbari,NP,2022-02-05 16:33:53,27.3747,87.2039,45.37,79,50,3.31
109,Castro,BR,2022-02-05 16:32:42,-24.7911,-50.0119,74.03,84,89,8.08
110,Bambous Virieux,MU,2022-02-05 16:29:05,-20.3428,57.7575,80.85,83,40,16.11
111,Siocon,PH,2022-02-05 16:33:53,7.7061,122.1353,77.16,87,91,9.8
112,Wamba,NG,2022-02-05 16:33:54,8.9333,8.6,91.04,12,0,7.58
113,Kilosa,TZ,2022-02-05 16:33:54,-6.8333,36.9833,72.5,83,99,3.44
114,Douentza,ML,2022-02-05 16:33:55,14.9951,-2.9517,85.6,6,0,10.51
115,Naze,JP,2022-02-05 16:31:42,28.3667,129.4833,50.56,66,78,17.45
116,Bac Lieu,VN,2022-02-05 16:30:37,9.285,105.7244,79.41,68,92,19.98
117,Padang,ID,2022-02-05 16:33:55,-0.9492,100.3543,74.57,95,100,2.19
118,Sfantu Gheorghe,RO,2022-02-05 16:33:56,45.8667,25.7833,37.92,56,96,8.32
119,Talnakh,RU,2022-02-05 16:33:56,69.4865,88.3972,-12.24,100,96,3.13
120,Lebu,CL,2022-02-05 16:30:39,-37.6167,-73.65,64.42,65,0,19.15
121,Camacha,PT,2022-02-05 16:33:57,33.0833,-16.3333,66.52,77,20,20.71
122,Tarija,BO,2022-02-05 16:25:08,-21.5355,-64.7296,64.31,88,100,3.44
123,Kamnik,SI,2022-02-05 16:33:57,46.2259,14.6121,48.45,61,40,6.91
124,Codrington,AU,2022-02-05 16:27:55,-38.2667,141.9667,57.54,85,97,8.97
125,Taltal,CL,2022-02-05 16:25:07,-25.4,-70.4833,70.72,69,7,4.85
126,Longyearbyen,SJ,2022-02-05 16:33:04,78.2186,15.6401,10.24,61,20,27.63
127,Chicama,PE,2022-02-05 16:33:58,-7.8447,-79.1469,66.74,60,75,8.72
128,Albuquerque,US,2022-02-05 16:30:02,35.0845,-106.6511,32.94,62,0,5.75
129,Kentville,CA,2022-02-05 16:30:46,45.0835,-64.4988,25.79,89,100,6.91
130,Ponta Delgada,PT,2022-02-05 16:33:59,37.7333,-25.6667,63.32,72,20,19.57
131,Biu,NG,2022-02-05 16:33:59,10.6129,12.1946,77.85,12,5,8.46
132,Lagoa,PT,2022-02-05 16:34:00,39.05,-27.9833,58.6,75,62,16.24
133,Esperance,AU,2022-02-05 16:34:00,-33.8667,121.9,67.84,70,2,18.72
134,Severo-Kurilsk,RU,2022-02-05 16:34:01,50.6789,156.125,28.13,90,100,9.71
135,Palmer,US,2022-02-05 16:30:55,42.1584,-72.3287,24.28,63,75,5.99
136,Saint-Augustin,CA,2022-02-05 16:34:27,51.226,-58.6502,4.91,93,100,16.17
137,Sabha,LY,2022-02-05 16:29:11,27.0377,14.4283,64.83,17,0,4.99
138,Upata,VE,2022-02-05 16:35:01,8.0086,-62.3989,83.19,38,74,3.78
139,Katsuura,JP,2022-02-05 16:35:02,35.1333,140.3,34.11,39,51,4.09
140,Klaeng,TH,2022-02-05 16:35:02,12.7797,101.6483,84.94,100,27,2.73
141,Bauchi,NG,2022-02-05 16:35:03,10.5,10.0,79.65,16,0,6.44
142,Khvastovichi,RU,2022-02-05 16:35:03,53.4694,35.0941,21.34,95,99,8.86
143,Port-Gentil,GA,2022-02-05 16:35:03,-0.7193,8.7815,80.38,75,9,9.75
144,Lompoc,US,2022-02-05 16:33:07,34.6391,-120.4579,64.13,64,0,6.91
145,Antofagasta,CL,2022-02-05 16:35:04,-23.65,-70.4,70.21,64,15,8.86
146,Abu Dhabi,AE,2022-02-05 16:30:07,24.4667,54.3667,71.71,67,0,3.0
147,Upernavik,GL,2022-02-05 16:27:59,72.7868,-56.1549,0.88,97,100,3.42
148,Meulaboh,ID,2022-02-05 16:35:05,4.1363,96.1285,75.97,88,100,6.49
149,Sao Miguel Do Araguaia,BR,2022-02-05 16:35:05,-13.275,-50.1628,87.24,61,78,0.31
150,Kruisfontein,ZA,2022-02-05 16:34:08,-34.0033,24.7314,68.88,75,89,20.45
151,Bengkulu,ID,2022-02-05 16:29:00,-3.8004,102.2655,74.5,96,100,7.16
152,Bose,IT,2022-02-05 16:35:06,45.4612,8.0137,54.79,67,1,1.9
153,Poltava,UA,2022-02-05 16:31:31,49.5937,34.5407,22.77,92,100,9.73
154,Juneau,US,2022-02-05 16:35:06,58.3019,-134.4197,39.85,94,100,12.66
155,Manjacaze,MZ,2022-02-05 16:35:07,-24.7117,33.8828,74.59,83,27,9.86
156,Bethel,US,2022-02-05 16:35:07,41.3712,-73.414,26.49,77,75,3.0
157,Clinton,US,2022-02-05 16:35:08,42.587,-82.9199,22.06,75,20,1.99
158,Udachnyy,RU,2022-02-05 16:34:37,66.4167,112.4,-32.08,100,80,3.47
159,Sangar,RU,2022-02-05 16:35:08,63.9242,127.4739,-33.66,99,100,3.11
160,Zeya,RU,2022-02-05 16:35:08,53.75,127.2667,-3.39,90,96,4.32
161,Tilichiki,RU,2022-02-05 16:33:11,60.4667,166.1,4.91,80,100,7.61
162,Kavarna,BG,2022-02-05 16:35:09,43.4333,28.3333,43.88,68,33,8.14
163,Qianan,CN,2022-02-05 16:35:09,44.9932,124.0581,-8.03,91,76,5.21
164,Adrar,MR,2022-02-05 16:35:10,20.5022,-10.0711,82.71,6,34,8.34
165,Sao Filipe,CV,2022-02-05 16:30:28,14.8961,-24.4956,75.34,67,0,9.37
166,Ambilobe,MG,2022-02-05 16:35:11,-13.2,49.05,74.46,93,98,7.14
167,Raga,SS,2022-02-05 16:29:08,8.4596,25.678,80.33,15,100,6.58
168,Cambui,BR,2022-02-05 16:35:11,-22.6122,-46.0575,70.29,95,100,4.41
169,Semnan,IR,2022-02-05 16:35:12,35.5729,53.3971,46.24,31,20,4.61
170,Lensk,RU,2022-02-05 16:33:09,60.7253,114.9278,5.67,96,92,4.38
171,Leo,BF,2022-02-05 16:35:12,11.1,-2.1,93.06,8,5,5.06
172,Constitucion,CL,2022-02-05 16:35:13,-35.3333,-72.4167,72.37,53,0,15.28
173,Thompson,CA,2022-02-05 16:28:02,55.7435,-97.8558,-36.24,67,20,0.0
174,San Patricio,US,2022-02-05 16:33:15,28.017,-97.5169,42.17,38,2,6.62
175,Herat,AF,2022-02-05 16:35:13,34.5,62.0,50.68,40,100,2.59
176,Derzhavinsk,KZ,2022-02-05 16:35:14,51.1,66.3167,15.53,82,100,12.03
177,Ruteng,ID,2022-02-05 16:35:14,-8.6136,120.4721,63.0,90,95,1.48
178,Chitungwiza,ZW,2022-02-05 16:35:15,-18.0127,31.0756,67.44,92,79,11.65
179,Chuy,UY,2022-02-05 16:36:15,-33.6971,-53.4616,83.12,50,83,8.52
180,Husavik,IS,2022-02-05 16:30:34,66.0449,-17.3389,12.11,96,99,15.1
181,Vila Do Maio,CV,2022-02-05 16:36:16,15.1333,-23.2167,83.19,77,0,12.73
182,Dinguiraye,GN,2022-02-05 16:36:16,11.3,-10.7167,92.86,7,0,4.52
183,Biskamzha,RU,2022-02-05 16:36:16,53.4497,89.5272,10.09,91,94,1.25
184,Yar-Sale,RU,2022-02-05 16:30:39,66.8333,70.8333,-7.98,100,72,3.27
185,Verkhnevilyuysk,RU,2022-02-05 16:36:17,63.4453,120.3167,-18.99,100,97,2.33
186,Eyrarbakki,IS,2022-02-05 16:36:17,63.863,-21.1481,31.24,87,99,11.92
187,Bam,IR,2022-02-05 16:36:18,29.106,58.357,64.87,40,0,10.13
188,Hobyo,SO,2022-02-05 16:36:18,5.3505,48.5268,76.89,70,13,11.74
189,Port Augusta,AU,2022-02-05 16:36:19,-32.5,137.7667,76.71,29,41,13.47
190,Weihai,CN,2022-02-05 16:36:19,37.5017,122.1136,34.25,46,50,23.02
191,Khatanga,RU,2022-02-05 16:29:15,71.9667,102.5,-33.23,100,84,1.63
192,Bilma,NE,2022-02-05 16:36:19,18.6853,12.9164,66.61,16,0,4.41
193,Chimore,BO,2022-02-05 16:36:20,-16.9833,-65.1333,78.87,93,99,3.29
194,Kuala Terengganu,MY,2022-02-05 16:36:20,5.3302,103.1408,82.35,78,40,10.36
195,Sirsa,IN,2022-02-05 16:36:21,29.5333,75.0167,52.02,70,7,6.89
196,Honiara,SB,2022-02-05 16:36:21,-9.4333,159.95,79.47,88,94,2.51
197,Kautokeino,NO,2022-02-05 16:35:25,69.0125,23.0412,23.4,92,99,25.59
198,Vardo,NO,2022-02-05 16:29:06,70.3705,31.1107,26.31,78,100,27.2
199,Marzuq,YE,2022-02-05 16:34:43,14.4,46.4667,69.15,39,20,7.18
200,Southbridge,US,2022-02-05 16:36:22,42.0751,-72.0334,24.48,79,44,1.99
201,Kilrush,IE,2022-02-05 16:36:22,52.6397,-9.4833,50.09,85,100,34.72
202,Alyangula,AU,2022-02-05 16:36:23,-13.8483,136.4192,78.67,100,86,3.44
203,Hirara,JP,2022-02-05 16:33:22,24.8,125.2833,61.12,69,100,21.0
204,Shingu,JP,2022-02-05 16:36:23,33.7333,135.9833,38.91,66,16,11.21
205,Bukachacha,RU,2022-02-05 16:36:23,52.9833,116.9167,-10.35,96,88,4.05
206,Cayenne,GF,2022-02-05 16:36:24,4.9333,-52.3333,86.04,81,20,7.0
207,Walvis Bay,NA,2022-02-05 16:30:36,-22.9575,14.5053,72.55,68,8,10.36
208,Port Alfred,ZA,2022-02-05 16:27:59,-33.5906,26.891,70.41,82,98,24.25
209,Victoria,HK,2022-02-05 16:25:05,22.2855,114.1577,61.25,82,98,5.99
210,Providencia,MX,2022-02-05 16:36:25,28.7167,-111.5833,66.25,27,0,11.01
211,Brookhaven,US,2022-02-05 16:36:25,31.5791,-90.4407,38.8,41,3,7.83
212,Isangel,VU,2022-02-05 16:29:20,-19.55,169.2667,79.43,90,100,13.53
213,Bayonet Point,US,2022-02-05 16:36:25,28.3267,-82.6834,64.94,86,100,1.99
214,Kawalu,ID,2022-02-05 16:36:26,-7.3817,108.2082,74.14,94,100,1.86
215,College,US,2022-02-05 16:34:04,64.8569,-147.8028,-0.02,78,40,6.91
216,Namibe,AO,2022-02-05 16:33:09,-15.1961,12.1522,76.08,63,30,13.06
217,Vostok,RU,2022-02-05 16:33:54,46.4856,135.8833,-10.43,99,100,2.75
218,Pabna,BD,2022-02-05 16:36:27,24.0,89.25,58.95,64,21,6.08
219,Goderich,CA,2022-02-05 16:36:27,43.7501,-81.7165,15.91,61,99,9.22
220,Norman Wells,CA,2022-02-05 16:34:24,65.282,-126.8329,-11.65,94,95,5.99
221,Tasiilaq,GL,2022-02-05 16:36:28,65.6145,-37.6368,28.56,59,100,10.0
222,Coos Bay,US,2022-02-05 16:36:28,43.3665,-124.2179,45.23,100,100,6.91
223,Bosanska Kostajnica,HR,2022-02-05 16:36:29,45.2159,16.5444,46.29,93,100,6.02
224,Cerritos,US,2022-02-05 16:36:29,33.8583,-118.0648,66.0,29,20,3.0
225,Bandarbeyla,SO,2022-02-05 16:30:35,9.4942,50.8122,75.99,67,32,10.07
226,Faanui,PF,2022-02-05 16:30:33,-16.4833,-151.75,80.78,70,12,18.57
227,Rotifunk,SL,2022-02-05 16:37:30,8.2333,-12.6833,89.1,45,46,9.42
228,Torbay,CA,2022-02-05 16:33:23,47.6666,-52.7314,49.75,94,100,27.63
229,Yumen,CN,2022-02-05 16:37:30,40.2833,97.2,15.67,37,100,14.25
230,Awjilah,LY,2022-02-05 16:37:30,29.1081,21.2869,59.32,44,0,3.67
231,Cassia,BR,2022-02-05 16:37:31,-20.5831,-46.9219,79.54,77,100,5.35
232,Altamira,BR,2022-02-05 16:37:31,-3.2033,-52.2064,86.09,74,75,4.61
233,Tommot,RU,2022-02-05 16:37:31,58.9564,126.2925,-8.46,100,100,2.53
234,Lorengau,PG,2022-02-05 16:37:32,-2.0226,147.2712,80.35,80,40,8.79
235,Nishihara,JP,2022-02-05 16:36:34,26.1842,127.7558,56.86,62,75,19.57
236,Flinders,AU,2022-02-05 16:37:32,-34.5833,150.8552,69.39,71,99,8.99
237,Sao Jose Da Coroa Grande,BR,2022-02-05 16:37:33,-8.8978,-35.1478,84.07,60,83,10.47
238,Coquimbo,CL,2022-02-05 16:37:33,-29.9533,-71.3436,67.73,77,20,13.8
239,Asau,RO,2022-02-05 16:37:34,46.4333,26.4,43.72,95,56,3.15
240,Airai,TL,2022-02-05 16:37:34,-8.9266,125.4092,60.57,92,82,2.06
241,Homer,US,2022-02-05 16:35:37,59.6425,-151.5483,39.09,84,100,0.0
242,Surany,SK,2022-02-05 16:37:34,48.0861,18.1845,42.94,56,12,10.31
243,Tongren,CN,2022-02-05 16:37:35,27.7172,109.1853,43.21,77,100,5.19
244,Ternate,ID,2022-02-05 16:37:35,0.8,127.4,80.46,83,100,10.18
245,Ajdabiya,LY,2022-02-05 16:37:36,30.7554,20.2263,58.71,53,0,5.55
246,Banda Aceh,ID,2022-02-05 16:37:36,5.5577,95.3222,79.41,78,83,4.83
247,Kirakira,SB,2022-02-05 16:37:36,-10.4544,161.9205,80.96,86,93,4.79
248,Hithadhoo,MV,2022-02-05 16:25:21,-0.6,73.0833,82.69,74,100,11.5
249,Vanavara,RU,2022-02-05 16:37:37,60.34,102.2797,15.37,95,100,6.04
250,Tay Ninh,VN,2022-02-05 16:37:37,11.3,106.1,77.83,56,77,8.03
251,Siilinjarvi,FI,2022-02-05 16:37:38,63.0833,27.6667,21.22,86,100,11.5
252,Althofen,AT,2022-02-05 16:37:38,46.8818,14.4676,40.35,91,54,3.27
253,Ulaanbaatar,MN,2022-02-05 16:37:38,47.9077,106.8832,-18.27,69,0,0.0
254,Eureka,US,2022-02-05 16:35:22,40.8021,-124.1637,43.25,94,78,1.01
255,Zwedru,LR,2022-02-05 16:37:39,6.0667,-8.1281,98.04,24,39,3.76
256,Cherskiy,RU,2022-02-05 16:37:40,68.75,161.3,-32.82,96,15,1.39
257,Rio Gallegos,AR,2022-02-05 16:37:40,-51.6226,-69.2181,68.05,30,0,10.36
258,Chokurdakh,RU,2022-02-05 16:36:33,70.6333,147.9167,-32.15,100,100,1.86
259,Ahipara,NZ,2022-02-05 16:32:57,-35.1667,173.1667,70.86,98,98,6.29
260,Chumikan,RU,2022-02-05 16:37:41,54.7183,135.315,-1.98,78,100,12.53
261,Prince Rupert,CA,2022-02-05 16:37:41,54.3161,-130.3201,42.49,81,100,11.5
262,Santa Maria,BR,2022-02-05 16:29:11,-29.6842,-53.8069,79.9,83,75,4.61
263,Grand Gaube,MU,2022-02-05 16:37:42,-20.0064,57.6608,81.0,79,100,7.0
264,Shubarshi,KZ,2022-02-05 16:37:42,48.5872,57.1869,26.15,94,100,7.96
265,Montecristi,EC,2022-02-05 16:37:43,-1.05,-80.6667,80.42,78,75,5.75
266,Bonnyville,CA,2022-02-05 16:37:43,54.2668,-110.735,-2.4,93,100,4.32
267,Komsomolskiy,UZ,2022-02-05 16:37:43,40.4272,71.7189,42.22,44,59,2.3
268,Siirt,TR,2022-02-05 16:37:44,37.9326,41.9403,36.27,78,84,4.0
269,Dongsheng,CN,2022-02-05 16:37:44,39.8161,109.9776,13.12,42,91,6.11
270,Jiangyou,CN,2022-02-05 16:37:44,31.7667,104.7167,39.9,96,100,2.64
271,Itaituba,BR,2022-02-05 16:38:45,-4.2761,-55.9836,89.76,62,40,0.0
272,Urumqi,CN,2022-02-05 16:38:02,43.801,87.6005,0.55,85,100,2.24
273,Luang Prabang,LA,2022-02-05 16:38:45,19.8856,102.1347,65.89,98,100,1.01
274,Lima,PE,2022-02-05 16:36:54,-12.0432,-77.0282,70.14,78,40,6.91
275,Asfi,MA,2022-02-05 16:38:46,32.2994,-9.2372,66.6,62,96,20.69
276,Jacksonville,US,2022-02-05 16:38:46,30.3322,-81.6556,55.99,68,75,1.99
277,Tuatapere,NZ,2022-02-05 16:30:26,-46.1333,167.6833,43.14,91,10,3.69
278,Madawaska,US,2022-02-05 16:38:47,47.3561,-68.3288,10.65,69,100,8.05
279,Gamba,GA,2022-02-05 16:38:47,-2.65,10.0,79.59,73,17,6.6
280,Rocha,UY,2022-02-05 16:38:48,-34.4833,-54.3333,73.31,74,87,9.22
281,Nieuw Amsterdam,SR,2022-02-05 16:38:48,5.8833,-55.0833,84.36,94,75,6.91
282,Xining,CN,2022-02-05 16:38:49,36.6167,101.7667,12.9,89,100,3.8
283,Richards Bay,ZA,2022-02-05 16:38:49,-28.783,32.0377,72.82,84,99,10.45
284,Alegrete,BR,2022-02-05 16:38:49,-29.7831,-55.7919,93.78,27,38,16.02
285,Ichhawar,IN,2022-02-05 16:38:50,23.0167,77.0167,57.29,27,0,1.52
286,La Asuncion,VE,2022-02-05 16:35:20,11.0333,-63.8628,82.13,69,10,14.97
287,Novi Bilokorovychi,UA,2022-02-05 16:38:50,51.1155,28.0546,32.85,88,99,12.48
288,Aksarka,RU,2022-02-05 16:38:51,66.5606,67.7975,-16.76,100,93,3.53
289,Souillac,MU,2022-02-05 16:29:13,-20.5167,57.5167,80.98,83,40,16.11
290,Irbil,IQ,2022-02-05 16:38:51,36.1926,44.0106,48.02,76,40,1.14
291,Ratnagiri,IN,2022-02-05 16:38:52,16.9833,73.3,70.95,80,9,6.91
292,Fortuna,US,2022-02-05 16:38:52,40.5982,-124.1573,42.98,97,100,10.36
293,East London,ZA,2022-02-05 16:38:52,-33.0153,27.9116,67.14,94,75,9.22
294,Calabozo,VE,2022-02-05 16:38:53,8.9242,-67.4293,93.65,33,2,6.89
295,Belaya Gora,RU,2022-02-05 16:38:53,68.5333,146.4167,-39.69,100,92,1.3
296,Chapais,CA,2022-02-05 16:38:53,49.7834,-74.8492,-7.82,74,28,8.77
297,Pochutla,MX,2022-02-05 16:38:54,15.7432,-96.4661,83.82,34,0,6.76
298,Pudozh,RU,2022-02-05 16:38:54,61.8099,36.5345,15.58,87,100,11.05
299,Luanda,AO,2022-02-05 16:37:00,-8.8368,13.2343,84.2,65,20,10.36
300,Panna,IN,2022-02-05 16:38:54,24.7167,80.2,54.19,50,0,4.65
301,Saint-Philippe,RE,2022-02-05 16:38:55,-21.3585,55.7679,81.99,85,100,20.85
302,Palana,RU,2022-02-05 16:38:55,59.1167,159.9667,4.44,82,54,10.63
303,Okhotsk,RU,2022-02-05 16:36:34,59.3833,143.3,-3.98,67,0,17.07
304,Kahului,US,2022-02-05 16:38:56,20.8947,-156.47,74.84,78,20,5.75
305,Saldanha,ZA,2022-02-05 16:38:56,-33.0117,17.9442,89.65,64,10,10.85
306,Los Llanos De Aridane,ES,2022-02-05 16:38:56,28.6585,-17.9182,67.12,78,20,1.99
307,Gizo,SB,2022-02-05 16:38:57,-8.103,156.8419,82.47,80,98,11.16
308,Sibu,MY,2022-02-05 16:38:15,2.3,111.8167,77.31,94,40,1.99
309,Saint Anthony,US,2022-02-05 16:29:16,45.0205,-93.218,10.81,66,100,7.0
310,Chiredzi,ZW,2022-02-05 16:38:57,-21.05,31.6667,78.69,47,40,6.49
311,Geraldton,AU,2022-02-05 16:38:58,-28.7667,114.6,68.41,94,1,4.61
312,Cenotillo,MX,2022-02-05 16:38:58,20.9667,-88.6167,76.75,76,45,10.63
313,Dolinsk,RU,2022-02-05 16:38:59,47.35,142.8,6.66,91,100,4.65
314,Xai-Xai,MZ,2022-02-05 16:38:59,-25.0519,33.6442,76.32,83,23,15.39
315,San Juan,AR,2022-02-05 16:35:11,-31.5375,-68.5364,70.95,48,94,19.08
316,Fort Saint James,CA,2022-02-05 16:40:00,54.4333,-124.25,32.13,79,81,5.91
317,Mount Vernon,US,2022-02-05 16:40:00,40.9126,-73.8371,28.96,67,20,3.0
318,Yerbogachen,RU,2022-02-05 16:40:01,61.2767,108.0108,11.48,95,100,6.17
319,Dharchula,IN,2022-02-05 16:40:01,29.85,80.5333,41.5,56,2,6.87
320,Sarkand,KZ,2022-02-05 16:38:33,45.41,79.9186,19.0,64,2,8.55
321,Abilene,US,2022-02-05 16:36:49,32.4487,-99.7331,37.18,64,0,3.0
322,Warrington,GB,2022-02-05 16:37:53,53.3925,-2.5802,48.97,87,100,5.99
323,Morgan City,US,2022-02-05 16:40:02,29.6994,-91.2068,42.04,56,0,16.11
324,Safaga,EG,2022-02-05 16:40:02,26.7292,33.9365,64.35,52,1,17.58
325,Funtua,NG,2022-02-05 16:40:03,11.5233,7.3081,78.37,14,25,12.15
326,Vila Velha,BR,2022-02-05 16:40:03,-20.3297,-40.2925,81.95,76,75,10.0
327,Puerto Del Rosario,ES,2022-02-05 16:40:04,28.5004,-13.8627,69.55,60,0,8.05
328,Sistranda,NO,2022-02-05 16:40:04,63.7256,8.834,33.76,79,80,16.28
329,Kamaishi,JP,2022-02-05 16:40:04,39.2667,141.8833,26.78,66,51,10.13
330,Yinchuan,CN,2022-02-05 16:40:05,38.4681,106.2731,20.34,28,95,7.14
331,Wukari,NG,2022-02-05 16:40:05,7.85,9.7833,91.85,10,0,7.85
332,Porto Velho,BR,2022-02-05 16:40:06,-8.7619,-63.9039,82.45,74,75,5.75
333,Hvide Sande,DK,2022-02-05 16:40:06,56.0045,8.1294,43.09,90,100,33.82
334,Pisco,PE,2022-02-05 16:40:07,-13.7,-76.2167,68.05,83,44,9.22
335,Berberati,CF,2022-02-05 16:40:07,4.2612,15.7922,82.44,16,92,3.11
336,Asopos,GR,2022-02-05 16:40:08,36.7333,22.8667,56.66,79,37,3.02
337,Baghdad,IQ,2022-02-05 16:40:08,33.3406,44.4009,53.51,58,0,5.75
338,Khuzhir,RU,2022-02-05 16:40:08,53.1939,107.3397,11.98,93,97,0.72
339,Saint George,US,2022-02-05 16:40:09,37.1041,-113.5841,46.35,46,0,0.0
340,Biltine,TD,2022-02-05 16:40:09,14.5333,20.9167,75.02,12,33,12.59
341,Whyalla,AU,2022-02-05 16:40:09,-33.0333,137.5833,66.09,82,75,5.75
342,Karratha,AU,2022-02-05 16:40:10,-20.7377,116.8463,84.96,71,60,5.19
343,Terme,TR,2022-02-05 16:40:10,41.2092,36.9739,42.73,65,89,5.41
344,Broken Hill,AU,2022-02-05 16:40:10,-31.95,141.4333,69.51,37,6,10.36
345,Katangli,RU,2022-02-05 16:40:11,51.7102,143.2326,5.49,92,100,20.22
346,Avera,US,2022-02-05 16:40:11,33.194,-82.5271,47.68,48,24,8.21
347,Ballina,AU,2022-02-05 16:30:26,-28.8667,153.5667,71.56,77,75,18.41
348,Sakakah,SA,2022-02-05 16:40:12,29.9697,40.2064,58.57,56,45,11.34
349,Berlevag,NO,2022-02-05 16:40:12,70.8578,29.0864,24.12,83,100,24.94
350,Chulman,RU,2022-02-05 16:40:13,56.8479,124.9104,-19.61,100,100,3.62
351,Venkatagiri,IN,2022-02-05 16:40:13,13.9667,79.5833,72.97,90,34,3.31
352,General Pico,AR,2022-02-05 16:40:14,-35.6566,-63.7568,75.0,36,59,15.48
353,Khandyga,RU,2022-02-05 16:40:14,62.6667,135.6,-42.29,100,92,1.7
354,Cagliari,IT,2022-02-05 16:40:14,39.245,9.0912,59.14,71,20,14.97
355,Tiarei,PF,2022-02-05 16:40:15,-17.5333,-149.3333,75.22,73,8,17.07
356,Laguna,US,2022-02-05 16:36:59,38.421,-121.4238,55.24,86,0,0.0
357,Koslan,RU,2022-02-05 16:40:15,63.4564,48.8989,-3.73,100,74,4.03
358,Dicabisagan,PH,2022-02-05 16:40:16,17.0818,122.4157,72.97,88,72,7.54
359,Carutapera,BR,2022-02-05 16:40:16,-1.195,-46.02,79.9,86,100,6.31
360,Porgera,PG,2022-02-05 16:40:17,-5.4667,143.2,43.39,98,99,1.45
361,Oranjestad,AW,2022-02-05 16:36:02,12.524,-70.027,78.75,73,40,14.97
362,Black River,JM,2022-02-05 16:41:17,18.0264,-77.8487,82.4,43,7,3.83
363,Ojinaga,MX,2022-02-05 16:41:18,29.5667,-104.4167,39.58,55,0,4.61
364,Vylkove,UA,2022-02-05 16:41:18,45.4021,29.586,39.38,63,88,6.24
365,Tomatlan,MX,2022-02-05 16:41:19,19.9333,-105.25,83.05,36,42,3.53
366,Lianzhou,CN,2022-02-05 16:41:19,24.7811,112.3825,45.09,88,93,2.13
367,Tocopilla,CL,2022-02-05 16:41:19,-22.092,-70.1979,73.47,68,8,8.41
368,Marsaxlokk,MT,2022-02-05 16:41:20,35.8419,14.5431,58.08,88,20,13.8
369,Hambantota,LK,2022-02-05 16:39:12,6.1241,81.1185,76.17,78,4,16.93
370,Rovaniemi,FI,2022-02-05 16:41:20,66.5,25.7167,22.41,100,100,14.97
371,Mercedes,AR,2022-02-05 16:41:21,-34.6515,-59.4307,71.19,64,94,12.64
372,Cidreira,BR,2022-02-05 16:38:04,-30.1811,-50.2056,86.92,58,91,9.22
373,Lavrentiya,RU,2022-02-05 16:41:21,65.5833,-171.0,-18.72,94,29,8.79
374,Mariental,NA,2022-02-05 16:41:22,-24.6333,17.9667,90.61,21,76,14.43
375,Nome,US,2022-02-05 16:40:24,64.5011,-165.4064,1.47,46,0,12.66
376,Cheyenne,US,2022-02-05 16:38:00,41.14,-104.8203,39.97,46,0,21.85
377,Montrose,US,2022-02-05 16:37:58,38.4166,-108.2673,19.74,51,0,2.73
378,Kvareli,GE,2022-02-05 16:41:23,41.9524,45.8151,31.14,56,58,3.74
379,Tingi,TZ,2022-02-05 16:41:23,-11.3,35.0333,63.84,90,97,2.89
380,Labuhan,ID,2022-02-05 16:41:23,-6.8844,112.2051,78.51,88,100,7.09
381,Lao Cai,VN,2022-02-05 16:41:24,22.4833,103.95,56.84,94,100,1.3
382,Prainha,BR,2022-02-05 16:41:24,-1.8,-53.48,84.78,71,97,4.81
383,Faya,SA,2022-02-05 16:41:25,18.3851,42.4509,60.91,75,7,4.68
384,La Ronge,CA,2022-02-05 16:41:25,55.1001,-105.2842,-10.95,70,75,6.91
385,Rawson,AR,2022-02-05 16:41:25,-43.3002,-65.1023,62.73,45,0,11.79
386,Talara,PE,2022-02-05 16:41:26,-4.5772,-81.2719,84.96,51,0,18.41
387,Mount Gambier,AU,2022-02-05 16:41:26,-37.8333,140.7667,58.91,82,89,8.05
388,Iqaluit,CA,2022-02-05 16:41:27,63.7506,-68.5145,-25.31,60,75,1.99
389,Toora-Khem,RU,2022-02-05 16:41:27,52.4675,96.11,-8.03,98,96,1.36
390,Touros,BR,2022-02-05 16:41:27,-5.1989,-35.4608,88.7,51,21,13.51
391,Vila Franca Do Campo,PT,2022-02-05 16:40:24,37.7167,-25.4333,63.01,77,99,13.22
392,Cao Bang,VN,2022-02-05 16:41:28,22.6667,106.25,52.9,81,92,2.59
393,Talakan,RU,2022-02-05 16:41:28,50.3167,130.3667,-17.12,100,95,0.85
394,Cambrai,FR,2022-02-05 16:41:29,50.1667,3.4167,47.5,75,52,15.17
395,Saint-Pierre,RE,2022-02-05 16:37:39,-21.3393,55.4781,82.08,74,100,10.36
396,Clyde River,CA,2022-02-05 16:41:29,70.4692,-68.5914,-21.77,76,75,13.8
397,Kemin,KG,2022-02-05 16:41:30,42.7846,75.6892,24.73,51,0,12.84
398,San Quintin,MX,2022-02-05 16:36:55,30.4833,-115.95,60.24,26,0,2.35
399,Lata,PT,2022-02-05 16:41:30,40.1629,-8.3327,63.36,52,3,7.0
400,Socuellamos,ES,2022-02-05 16:41:31,39.2858,-2.7921,54.46,55,85,8.21
401,Vaasa,FI,2022-02-05 16:41:31,63.096,21.6158,32.02,86,75,6.91
402,Pasighat,IN,2022-02-05 16:41:31,28.0667,95.3333,52.36,92,77,4.03
403,Chebsara,RU,2022-02-05 16:41:32,59.2002,38.8356,7.93,99,57,5.44
404,Tanete,ID,2022-02-05 16:41:32,-3.9443,119.7848,75.96,94,95,1.28
405,San Policarpo,PH,2022-02-05 16:41:33,12.1791,125.5072,80.13,72,88,15.57
406,Morant Bay,JM,2022-02-05 16:41:30,17.8815,-76.4093,83.62,55,22,10.63
407,Kaeo,NZ,2022-02-05 16:41:33,-35.1,173.7833,72.32,98,96,8.14
408,Reconquista,AR,2022-02-05 16:42:33,-29.15,-59.65,94.51,23,0,15.43
409,Flin Flon,CA,2022-02-05 16:42:34,54.7682,-101.865,-13.16,70,75,8.05
410,Nassau,US,2022-02-05 16:42:34,40.7507,-73.5829,28.99,65,40,4.0
411,Tucuman,AR,2022-02-05 16:42:35,-26.8241,-65.2226,80.6,61,40,5.75
412,Bangolo,CI,2022-02-05 16:42:35,7.0069,-7.475,97.38,18,5,2.86
413,Doba,TD,2022-02-05 16:42:35,8.65,16.85,83.48,13,58,4.27
414,Havoysund,NO,2022-02-05 16:42:36,70.9963,24.6622,29.28,70,79,30.8
415,Shache,CN,2022-02-05 16:42:36,38.4167,77.2406,30.7,54,48,6.53
416,El Carmen De Bolivar,CO,2022-02-05 16:42:36,9.7174,-75.1202,91.02,45,12,6.85
417,Hammerfest,NO,2022-02-05 16:42:37,70.6634,23.6821,28.85,69,40,27.63
418,Ambulu,ID,2022-02-05 16:42:37,-8.345,113.6058,76.39,90,80,2.75
419,Beloha,MG,2022-02-05 16:42:37,-25.1667,45.05,75.87,84,100,17.69
420,Progreso,MX,2022-02-05 16:42:38,21.2833,-89.6667,73.11,74,79,16.93
421,San Ramon,US,2022-02-05 16:41:40,37.7799,-121.978,54.99,73,0,4.61
422,Lengshuijiang,CN,2022-02-05 16:42:38,27.6881,111.4294,43.47,81,100,2.42
423,Bayir,TR,2022-02-05 16:42:39,37.2687,28.2167,43.32,67,0,1.54
424,Sibut,CF,2022-02-05 16:42:39,5.718,19.0739,86.34,18,86,2.46
425,Margate,GB,2022-02-05 16:42:39,51.3813,1.3862,49.69,71,89,10.0
426,Teahupoo,PF,2022-02-05 16:39:32,-17.8333,-149.2667,69.76,75,32,15.9
427,Musoma,TZ,2022-02-05 16:42:40,-1.5,33.8,69.91,76,100,8.5
428,Thibodaux,US,2022-02-05 16:42:40,29.7958,-90.8229,42.03,59,1,5.01
429,Santo Augusto,BR,2022-02-05 16:42:41,-27.8508,-53.7772,76.46,86,100,8.3
430,Amapa,BR,2022-02-05 16:42:41,1.0,-52.0,79.79,90,96,3.98
431,Chute-Aux-Outardes,CA,2022-02-05 16:42:41,49.1168,-68.399,5.31,55,0,9.22
432,Itarema,BR,2022-02-05 16:41:44,-2.9248,-39.9167,85.46,64,83,15.28
433,Sembe,CG,2022-02-05 16:42:42,1.6481,14.5806,85.8,22,53,2.82
434,Kushmurun,KZ,2022-02-05 16:42:42,52.4503,64.6311,19.27,79,100,10.54
435,Quelimane,MZ,2022-02-05 16:42:43,-17.8786,36.8883,84.15,61,40,10.36
436,Urgut,UZ,2022-02-05 16:42:43,39.4022,67.2431,49.62,71,100,13.35
437,Manokwari,ID,2022-02-05 16:42:43,-0.8667,134.0833,78.62,76,86,3.56
438,Coihaique,CL,2022-02-05 16:42:44,-45.5752,-72.0662,69.75,40,0,4.61
439,Inta,RU,2022-02-05 16:42:44,66.0317,60.1659,-12.33,98,42,2.66
440,Bereda,ES,2022-02-05 16:42:45,43.2686,-7.5406,50.92,72,6,5.53
441,Westport,US,2022-02-05 16:38:44,41.1415,-73.3579,28.56,70,20,1.99
442,Patabog,PH,2022-02-05 16:42:45,13.4531,122.4561,74.77,80,60,10.87
443,Kiama,AU,2022-02-05 16:42:11,-34.6833,150.8667,69.58,73,100,3.0
444,Polunochnoye,RU,2022-02-05 16:42:46,60.8697,60.4153,14.88,96,100,4.97
445,Kulunda,RU,2022-02-05 16:42:46,52.566,78.9385,7.02,87,28,8.25
446,Mecca,SA,2022-02-05 16:42:47,21.4267,39.8261,64.72,37,3,12.35
447,Ordu,TR,2022-02-05 16:40:41,40.9086,37.6845,30.7,80,99,5.73
448,Petropavlovsk-Kamchatskiy,RU,2022-02-05 16:42:47,53.0452,158.6483,16.39,67,0,8.95
449,San Ignacio,BZ,2022-02-05 16:42:48,17.1561,-89.0714,69.94,94,100,9.22
450,Provideniya,RU,2022-02-05 16:42:48,64.3833,-173.3,-5.75,86,3,11.77
451,Narsaq,GL,2022-02-05 16:42:49,60.9167,-46.05,7.02,69,0,5.86
452,Santa Fe,AR,2022-02-05 16:42:30,-31.6333,-60.7,80.02,46,1,8.01
453,Zabid,YE,2022-02-05 16:38:13,14.1951,43.3152,77.45,76,62,14.92
454,Dutlwe,BW,2022-02-05 16:42:50,-23.9833,23.9,77.41,53,92,15.3
455,Leningradskiy,RU,2022-02-05 16:41:59,69.3833,178.4167,-21.06,96,9,5.01
456,Nueva Loja,EC,2022-02-05 16:43:51,0.0847,-76.8828,77.02,94,40,3.44
457,Paracuru,BR,2022-02-05 16:43:51,-3.41,-39.0306,86.02,63,42,13.0
458,Qazanbulaq,AZ,2022-02-05 16:43:51,40.6192,46.6519,40.1,44,27,15.59
459,Dhidhdhoo,MV,2022-02-05 16:43:52,6.8833,73.1,80.64,71,67,12.64
460,Emerald,AU,2022-02-05 16:40:47,-23.5333,148.1667,71.74,60,0,6.91
461,Waingapu,ID,2022-02-05 16:39:50,-9.6567,120.2641,78.91,87,100,7.49
462,Cedar City,US,2022-02-05 16:43:30,37.6775,-113.0619,18.57,68,0,3.44
463,Amurzet,RU,2022-02-05 16:43:53,47.6967,131.0981,-11.96,96,67,5.93
464,Dryden,CA,2022-02-05 16:38:54,49.7833,-92.7503,-0.11,78,100,12.66
465,Letka,RU,2022-02-05 16:43:53,59.6011,49.4232,12.79,96,99,6.46
466,Lindi,TZ,2022-02-05 16:43:54,-10.0,39.7167,78.48,71,100,4.65
467,Vangaindrano,MG,2022-02-05 16:43:54,-23.35,47.6,76.41,95,100,24.96
468,Cassilandia,BR,2022-02-05 16:43:55,-19.1133,-51.7342,89.92,48,51,8.12
469,Excelsior Springs,US,2022-02-05 16:40:00,39.3392,-94.2261,35.22,50,0,10.36
470,Jagodina,RS,2022-02-05 16:43:55,43.9814,21.2622,38.46,89,100,0.89
471,Bang Saphan,TH,2022-02-05 16:43:56,11.2126,99.5117,74.05,92,12,1.95
472,Olinda,BR,2022-02-05 16:43:56,-8.0089,-34.8553,85.73,58,40,6.91
473,Calafell,ES,2022-02-05 16:43:56,41.2,1.5683,60.49,74,99,1.83
474,Sola,VU,2022-02-05 16:39:55,-13.8833,167.55,82.24,76,100,20.13
475,Dzaoudzi,YT,2022-02-05 16:43:57,-12.7887,45.2699,84.09,79,20,16.11
476,Bowen,AU,2022-02-05 16:43:57,-20.0167,148.2333,70.02,74,9,17.65
477,Sisimiut,GL,2022-02-05 16:43:14,66.9395,-53.6735,2.26,91,97,11.97
478,Bealanana,MG,2022-02-05 16:43:58,-14.55,48.7333,63.43,96,99,4.65
479,Gusau,NG,2022-02-05 16:43:58,12.1628,6.6614,82.58,12,32,12.28
480,Baykit,RU,2022-02-05 16:43:58,61.67,96.37,13.82,97,100,4.41
481,Luba,GQ,2022-02-05 16:43:59,3.4568,8.5547,87.69,80,57,7.0
482,Ayagoz,KZ,2022-02-05 16:43:59,47.9714,80.4392,-6.11,85,1,6.53
483,Davila,PH,2022-02-05 16:44:00,18.4726,120.5763,75.16,80,31,24.81
484,Xapuri,BR,2022-02-05 16:44:00,-10.6517,-68.5044,88.45,46,98,5.66
485,Hamilton,US,2022-02-05 16:41:10,39.1834,-84.5333,23.59,75,40,1.01
486,Christiansburg,US,2022-02-05 16:43:07,37.1298,-80.4089,29.59,60,75,3.0
487,Bongandanga,CD,2022-02-05 16:44:01,1.5,21.05,83.01,31,33,2.93
488,Adre,TD,2022-02-05 16:44:01,13.4667,22.2,70.25,16,4,11.72
489,Navirai,BR,2022-02-05 16:44:01,-23.065,-54.1906,81.55,81,72,8.12
490,Bilecik,TR,2022-02-05 16:40:41,40.0,30.1667,30.88,79,6,6.42
491,Gazanjyk,TM,2022-02-05 16:44:02,39.2446,55.5154,44.08,74,100,12.33
492,Atar,MR,2022-02-05 16:44:02,20.5169,-13.0499,90.63,6,0,3.6
493,San Vicente,AR,2022-02-05 16:44:03,-26.6167,-54.1333,69.3,94,100,3.31
494,Villarrica,PY,2022-02-05 16:44:03,-25.75,-56.4333,71.89,97,100,1.21
495,Mata,PT,2022-02-05 16:44:03,40.683,-7.4592,57.92,59,6,7.63
496,Lasa,IT,2022-02-05 16:44:04,46.6166,10.7002,42.71,87,14,4.54
497,Balaipungut,ID,2022-02-05 16:44:04,1.05,101.2833,77.41,97,100,2.82
498,Makakilo City,US,2022-02-05 16:39:47,21.3469,-158.0858,65.61,84,0,4.61
499,Vao,NC,2022-02-05 16:44:05,-22.6667,167.4833,79.68,87,99,12.5
500,Snasa,NO,2022-02-05 16:44:05,64.2457,12.3778,27.88,97,98,5.41
501,Hualmay,PE,2022-02-05 16:42:48,-11.0964,-77.6139,75.15,71,29,10.09
502,Poum,NC,2022-02-05 16:44:06,-20.2333,164.0167,80.44,72,87,5.35
503,Fairbanks,US,2022-02-05 16:40:27,64.8378,-147.7164,0.1,77,40,6.91
504,Kudahuvadhoo,MV,2022-02-05 16:45:06,2.6708,72.8944,81.9,70,73,10.0
505,Sur,OM,2022-02-05 16:45:07,22.5667,59.5289,73.63,50,1,4.34
506,Nhulunbuy,AU,2022-02-05 16:42:45,-12.2333,136.7667,77.61,94,100,3.44
507,Broome,US,2022-02-05 16:45:07,42.2506,-75.833,18.21,77,100,3.0
508,Yining,CN,2022-02-05 16:45:08,29.0361,114.5636,39.22,85,75,3.31
509,Bitlis,TR,2022-02-05 16:40:41,38.5,42.25,12.16,96,89,2.86
510,Sretensk,RU,2022-02-05 16:45:08,52.2453,117.7093,-17.16,100,100,2.13
511,Billings,US,2022-02-05 16:40:20,45.7833,-108.5007,44.17,41,75,28.77
512,Bairiki,KI,2022-02-05 16:45:09,1.3292,172.9752,80.6,83,20,11.5
513,Port-Cartier,CA,2022-02-05 16:45:10,50.0334,-66.8654,6.75,67,100,7.16
514,Iquique,CL,2022-02-05 16:41:12,-20.2208,-70.1431,72.73,68,1,6.98
515,Warmbad,NA,2022-02-05 16:45:10,-28.45,18.7333,94.06,19,77,13.71
516,Whitehorse,CA,2022-02-05 16:45:10,60.7161,-135.0538,7.57,77,40,8.99
517,Beaverlodge,CA,2022-02-05 16:45:11,55.2166,-119.4361,35.94,63,24,23.38
518,Biak,ID,2022-02-05 16:45:11,-0.9131,122.8766,76.05,86,100,3.15
519,Salalah,OM,2022-02-05 16:45:12,17.0151,54.0924,77.09,73,75,5.75
520,Buala,SB,2022-02-05 16:41:27,-8.145,159.5921,80.78,84,91,7.27
521,Karpathos,GR,2022-02-05 16:45:12,35.507,27.2132,58.96,72,40,12.66
522,Oranjemund,NA,2022-02-05 16:45:13,-28.55,16.4333,68.56,73,32,7.81
523,Leiyang,CN,2022-02-05 16:45:13,26.4024,112.8591,43.74,86,100,2.21
524,Nadym,RU,2022-02-05 16:44:54,65.5333,72.5167,-15.93,100,87,4.0
525,Baruun-Urt,MN,2022-02-05 16:45:14,46.6806,113.2792,-0.92,90,16,6.46
526,Bitung,ID,2022-02-05 16:45:14,1.4451,125.1824,79.65,86,100,11.95
527,Nara,JP,2022-02-05 16:45:15,34.6851,135.8049,36.68,62,23,10.63
528,Sitio Novo Do Tocantins,BR,2022-02-05 16:45:15,-5.5183,-47.4611,85.93,70,75,0.0
529,Abu Samrah,SY,2022-02-05 16:45:16,35.3029,37.1841,46.47,76,4,9.33
530,Tromso,NO,2022-02-05 16:45:16,69.6496,18.957,32.02,55,0,11.5
531,Ketchikan,US,2022-02-05 16:45:16,55.3422,-131.6461,42.78,93,100,14.97
532,Ixtapa,MX,2022-02-05 16:45:17,20.7,-105.2,81.75,42,56,3.2
533,Saryagash,KZ,2022-02-05 16:45:17,41.4511,69.1701,49.96,25,63,15.28
534,Kaupanger,NO,2022-02-05 16:45:18,61.1845,7.2404,35.1,95,99,4.97
535,Wattegama,LK,2022-02-05 16:45:18,6.7989,81.4808,69.58,91,6,5.35
536,Garden City,US,2022-02-05 16:44:54,42.3256,-83.331,22.3,76,75,1.99
537,Wanaka,NZ,2022-02-05 16:45:19,-44.7,169.15,50.11,76,52,1.01
538,Onda,ES,2022-02-05 16:45:19,39.9667,-0.25,57.9,74,100,3.87
539,Batetskiy,RU,2022-02-05 16:45:19,58.6461,30.3027,23.2,95,100,9.73
540,Kavieng,PG,2022-02-05 16:45:20,-2.5744,150.7967,80.71,79,85,4.99
541,Byron Bay,AU,2022-02-05 16:45:20,-28.65,153.6167,66.15,72,85,20.18
542,Tarana,IN,2022-02-05 16:45:20,23.3333,76.0333,60.85,26,0,0.83
543,Saint-Francois,FR,2022-02-05 16:45:21,46.4154,3.9054,44.04,70,20,6.91
544,Likasi,CD,2022-02-05 16:45:21,-10.9814,26.7333,63.82,93,43,3.98
545,Caravelas,BR,2022-02-05 16:45:23,-17.7125,-39.2481,83.07,64,32,10.51
546,Makinsk,KZ,2022-02-05 16:45:23,52.6292,70.4169,4.26,76,99,5.86
547,Pemangkat,ID,2022-02-05 16:45:24,1.1667,108.9667,78.08,87,100,8.21
548,Amahai,ID,2022-02-05 16:45:25,-3.3333,128.9167,78.06,84,100,5.35
549,Sechura,PE,2022-02-05 16:46:25,-5.5569,-80.8222,81.9,53,67,7.61
550,Cavalcante,BR,2022-02-05 16:46:25,-13.7975,-47.4583,81.32,67,79,3.22
551,Hudson Bay,CA,2022-02-05 16:46:26,52.85,-102.3842,-2.34,93,100,5.68
552,Lubango,AO,2022-02-05 16:46:26,-14.9172,13.4925,69.13,39,96,10.8
553,Ahuimanu,US,2022-02-05 16:42:41,21.4447,-157.8378,66.78,92,20,1.01
554,Canavieiras,BR,2022-02-05 16:46:27,-15.675,-38.9472,80.56,72,91,6.4
555,Solnechnyy,RU,2022-02-05 16:46:27,50.7214,136.6319,1.83,98,100,1.19
556,Alice Springs,AU,2022-02-05 16:46:05,-23.7,133.8833,60.35,88,0,0.0
557,Yablonovo,RU,2022-02-05 16:46:28,50.8523,37.3574,19.26,100,51,5.19
558,Shieli,KZ,2022-02-05 16:46:28,44.1667,66.75,34.38,64,100,10.78
559,Kozan,TR,2022-02-05 16:46:28,37.4552,35.8157,49.1,62,0,6.69
560,Muros,ES,2022-02-05 16:46:29,42.7762,-9.0603,61.23,55,10,14.65
561,Kabinda,CD,2022-02-05 16:46:29,-6.1333,24.4833,69.1,91,86,2.15
562,Bodden Town,KY,2022-02-05 16:46:29,19.2833,-81.25,84.2,72,20,8.99
563,Cozumel,MX,2022-02-05 16:43:59,20.5083,-86.9458,78.94,84,34,4.0
564,Kedougou,SN,2022-02-05 16:46:30,12.5579,-12.1743,100.13,6,0,6.26
565,Lucea,JM,2022-02-05 16:46:31,18.451,-78.1736,82.26,57,5,16.69
566,Concepcion Del Uruguay,AR,2022-02-05 16:44:06,-32.4825,-58.2372,78.98,57,0,8.99
567,Axim,GH,2022-02-05 16:46:31,4.8699,-2.2405,83.14,70,45,11.81
568,Clearwater,US,2022-02-05 16:43:14,27.9659,-82.8001,64.99,80,100,8.01
569,Kvam,NO,2022-02-05 16:46:32,61.6656,9.6898,14.2,93,81,3.76
570,Port Hardy,CA,2022-02-05 16:42:14,50.6996,-127.4199,40.75,93,75,6.91
571,Umm Lajj,SA,2022-02-05 16:46:33,25.0213,37.2685,66.15,58,0,16.64
572,Srednekolymsk,RU,2022-02-05 16:43:02,67.45,153.6833,-39.89,100,47,3.94
